{"blocks":[{"x":920,"y":-30,"text":"не обязательные","width":140,"height":30,"type":"Начало / конец","isMenuBlock":false,"fontSize":14,"textHeight":14,"isBold":false,"isItalic":false,"textAlign":"center","labelsPosition":1},{"x":1160,"y":-30,"text":"обязательные","width":140,"height":30,"type":"Начало / конец","isMenuBlock":false,"fontSize":14,"textHeight":14,"isBold":false,"isItalic":false,"textAlign":"center","labelsPosition":1},{"x":1400,"y":-360,"text":"начало","width":100,"height":30,"type":"Начало / конец","isMenuBlock":false,"fontSize":14,"textHeight":14,"isBold":false,"isItalic":false,"textAlign":"center","labelsPosition":1},{"x":160,"y":-250,"text":"Коммерческая","width":120,"height":40,"type":"Дисплей","isMenuBlock":false,"fontSize":14,"textHeight":14,"isBold":false,"isItalic":false,"textAlign":"center","labelsPosition":1},{"x":160,"y":-170,"text":"Промышленная","width":120,"height":40,"type":"Дисплей","isMenuBlock":false,"fontSize":14,"textHeight":14,"isBold":false,"isItalic":false,"textAlign":"center","labelsPosition":1},{"x":310,"y":-250,"text":"Создание\nкоммерч. зон","width":100,"height":40,"type":"Блок","isMenuBlock":false,"fontSize":14,"textHeight":14,"isBold":false,"isItalic":false,"textAlign":"center","labelsPosition":1},{"x":310,"y":-170,"text":"Создание\nпром. зон","width":100,"height":40,"type":"Блок","isMenuBlock":false,"fontSize":14,"textHeight":14,"isBold":false,"isItalic":false,"textAlign":"center","labelsPosition":1},{"x":310,"y":-330,"text":"Создание\nжилых зон","width":100,"height":40,"type":"Блок","isMenuBlock":false,"fontSize":14,"textHeight":14,"isBold":false,"isItalic":false,"textAlign":"center","labelsPosition":1},{"x":480,"y":-250,"text":"Запрос\nсоздайте зону","width":120,"height":40,"type":"Цикл for","isMenuBlock":false,"fontSize":14,"textHeight":14,"isBold":false,"isItalic":false,"textAlign":"center","labelsPosition":1},{"x":710,"y":-250,"text":"Создание зоны -\n\nпроцесс, требующий денег, \nвремени и места","width":220,"height":100,"type":"Блок","isMenuBlock":false,"fontSize":13,"textHeight":13,"isBold":false,"isItalic":false,"textAlign":"left","labelsPosition":1},{"x":-110,"y":-480,"text":"Город","width":100,"height":30,"type":"Начало / конец","isMenuBlock":false,"fontSize":14,"textHeight":14,"isBold":false,"isItalic":false,"textAlign":"center","labelsPosition":1},{"x":40,"y":-400,"text":"Потребности","width":100,"height":30,"type":"Начало / конец","isMenuBlock":false,"fontSize":14,"textHeight":14,"isBold":false,"isItalic":false,"textAlign":"center","labelsPosition":1},{"x":160,"y":-330,"text":"Жилая","width":120,"height":40,"type":"Дисплей","isMenuBlock":false,"fontSize":14,"textHeight":14,"isBold":false,"isItalic":false,"textAlign":"center","labelsPosition":1},{"x":-50,"y":0,"text":"Обязательные","width":120,"height":30,"type":"Начало / конец","isMenuBlock":false,"fontSize":14,"textHeight":14,"isBold":false,"isItalic":false,"textAlign":"center","labelsPosition":1},{"x":250,"y":0,"text":"Случайные","width":100,"height":30,"type":"Начало / конец","isMenuBlock":false,"fontSize":14,"textHeight":14,"isBold":false,"isItalic":false,"textAlign":"center","labelsPosition":1},{"x":250,"y":-80,"text":"События","width":100,"height":30,"type":"Начало / конец","isMenuBlock":false,"fontSize":14,"textHeight":14,"isBold":false,"isItalic":false,"textAlign":"center","labelsPosition":1},{"x":550,"y":0,"text":"Вызываемые","width":120,"height":30,"type":"Начало / конец","isMenuBlock":false,"fontSize":14,"textHeight":14,"isBold":false,"isItalic":false,"textAlign":"center","labelsPosition":1},{"x":30,"y":540,"text":"Коммерческие","width":120,"height":30,"type":"Начало / конец","isMenuBlock":false,"fontSize":14,"textHeight":14,"isBold":false,"isItalic":false,"textAlign":"center","labelsPosition":1},{"x":630,"y":980,"text":"Промышленные","width":120,"height":30,"type":"Начало / конец","isMenuBlock":false,"fontSize":14,"textHeight":14,"isBold":false,"isItalic":false,"textAlign":"center","labelsPosition":1},{"x":140,"y":140,"text":"Прирост\nнаселения","width":120,"height":40,"type":"Дисплей","isMenuBlock":false,"fontSize":14,"textHeight":14,"isBold":false,"isItalic":false,"textAlign":"center","labelsPosition":1},{"x":140,"y":340,"text":"Падение\nнаселения","width":120,"height":40,"type":"Дисплей","isMenuBlock":false,"fontSize":14,"textHeight":14,"isBold":false,"isItalic":false,"textAlign":"center","labelsPosition":1},{"x":430,"y":340,"text":"Теракт","width":120,"height":40,"type":"Дисплей","isMenuBlock":false,"fontSize":14,"textHeight":14,"isBold":false,"isItalic":false,"textAlign":"center","labelsPosition":1},{"x":30,"y":60,"text":"Жилые","width":120,"height":30,"type":"Начало / конец","isMenuBlock":false,"fontSize":14,"textHeight":14,"isBold":false,"isItalic":false,"textAlign":"center","labelsPosition":1},{"x":330,"y":60,"text":"Жилые","width":120,"height":30,"type":"Начало / конец","isMenuBlock":false,"fontSize":14,"textHeight":14,"isBold":false,"isItalic":false,"textAlign":"center","labelsPosition":1},{"x":630,"y":60,"text":"Жилые","width":120,"height":30,"type":"Начало / конец","isMenuBlock":false,"fontSize":14,"textHeight":14,"isBold":false,"isItalic":false,"textAlign":"center","labelsPosition":1},{"x":330,"y":660,"text":"Коммерческие","width":120,"height":30,"type":"Начало / конец","isMenuBlock":false,"fontSize":14,"textHeight":14,"isBold":false,"isItalic":false,"textAlign":"center","labelsPosition":1},{"x":330,"y":1400,"text":"Без группы","width":120,"height":30,"type":"Начало / конец","isMenuBlock":false,"fontSize":14,"textHeight":14,"isBold":false,"isItalic":false,"textAlign":"center","labelsPosition":1},{"x":430,"y":1480,"text":"Стихийное бед.","width":120,"height":40,"type":"Дисплей","isMenuBlock":false,"fontSize":14,"textHeight":14,"isBold":false,"isItalic":false,"textAlign":"center","labelsPosition":1},{"x":430,"y":520,"text":"Праздник","width":120,"height":40,"type":"Дисплей","isMenuBlock":false,"fontSize":14,"textHeight":14,"isBold":false,"isItalic":false,"textAlign":"center","labelsPosition":1},{"x":420,"y":420,"text":"Жертвы: Да\n\nВероятность:\n                   (100 - УБ)/2\nУровень Безопасности","width":140,"height":80,"type":"Блок","isMenuBlock":false,"fontSize":12,"textHeight":12,"isBold":false,"isItalic":false,"textAlign":"left","labelsPosition":1},{"x":420,"y":580,"text":"Счастье населения +10","width":140,"height":40,"type":"Блок","isMenuBlock":false,"fontSize":12,"textHeight":14,"isBold":false,"isItalic":false,"textAlign":"left","labelsPosition":1},{"x":430,"y":140,"text":"Пожар","width":120,"height":40,"type":"Дисплей","isMenuBlock":false,"fontSize":14,"textHeight":14,"isBold":false,"isItalic":false,"textAlign":"center","labelsPosition":1},{"x":420,"y":230,"text":"Только крупные пожары\nзахватывающие много\nдомов.\n\nЖертвы: Да\n\nВероятность: 10%","width":140,"height":100,"type":"Блок","isMenuBlock":false,"fontSize":12,"textHeight":12,"isBold":false,"isItalic":false,"textAlign":"left","labelsPosition":1},{"x":720,"y":230,"text":"Создание жилья ==>\nприрост населения\n\n1 мал. район = 4000ч\n1 ср. район = 9000ч\n1 б. район = 20000ч","width":140,"height":100,"type":"Блок","isMenuBlock":false,"fontSize":12,"textHeight":14,"isBold":false,"isItalic":false,"textAlign":"left","labelsPosition":1},{"x":130,"y":230,"text":"Создание:\nПром. и Ком. зон\n\nПрирост: 5% для МР\nПрирост: 10% для СР\nПрирост: 15% для БР","width":140,"height":100,"type":"Блок","isMenuBlock":false,"fontSize":12,"textHeight":12,"isBold":false,"isItalic":false,"textAlign":"left","labelsPosition":1},{"x":130,"y":430,"text":"Ликвидация:\nПром. и Ком. зон\n\nПадение: 10% для МР\nПадение: 15% для СР\nПадение: 20% для БР","width":140,"height":100,"type":"Блок","isMenuBlock":false,"fontSize":12,"textHeight":12,"isBold":false,"isItalic":false,"textAlign":"left","labelsPosition":1},{"x":730,"y":140,"text":"Создание\nжилья","width":120,"height":40,"type":"Дисплей","isMenuBlock":false,"fontSize":14,"textHeight":14,"isBold":false,"isItalic":false,"textAlign":"center","labelsPosition":1},{"x":730,"y":340,"text":"Ликвидация\nжилья","width":120,"height":40,"type":"Дисплей","isMenuBlock":false,"fontSize":14,"textHeight":14,"isBold":false,"isItalic":false,"textAlign":"center","labelsPosition":1},{"x":630,"y":540,"text":"Коммерческие","width":120,"height":30,"type":"Начало / конец","isMenuBlock":false,"fontSize":14,"textHeight":14,"isBold":false,"isItalic":false,"textAlign":"center","labelsPosition":1},{"x":730,"y":800,"text":"Ликвидация\nкоммерции","width":120,"height":40,"type":"Дисплей","isMenuBlock":false,"fontSize":14,"textHeight":14,"isBold":false,"isItalic":false,"textAlign":"center","labelsPosition":1},{"x":720,"y":430,"text":"Ликивдация жилья ==>\nпадение населения\n\n1 мал. район = 10%\n1 ср. район = 15%\n1 б. район = 20%","width":140,"height":100,"type":"Блок","isMenuBlock":false,"fontSize":12,"textHeight":14,"isBold":false,"isItalic":false,"textAlign":"left","labelsPosition":1},{"x":730,"y":620,"text":"Создание\nкоммерции","width":120,"height":40,"type":"Дисплей","isMenuBlock":false,"fontSize":14,"textHeight":14,"isBold":false,"isItalic":false,"textAlign":"center","labelsPosition":1},{"x":720,"y":700,"text":"Создание ==>\nприрост населения\nприрост бюджета\nтребуется пром.","width":140,"height":80,"type":"Блок","isMenuBlock":false,"fontSize":12,"textHeight":14,"isBold":false,"isItalic":false,"textAlign":"left","labelsPosition":1},{"x":730,"y":1060,"text":"Создание\nпромзоны","width":120,"height":40,"type":"Дисплей","isMenuBlock":false,"fontSize":14,"textHeight":14,"isBold":false,"isItalic":false,"textAlign":"center","labelsPosition":1},{"x":720,"y":1120,"text":"Создание ==>\nприрост бюджета","width":140,"height":40,"type":"Блок","isMenuBlock":false,"fontSize":12,"textHeight":14,"isBold":false,"isItalic":false,"textAlign":"left","labelsPosition":1},{"x":730,"y":1200,"text":"Ликвидация\nпромзоны","width":120,"height":40,"type":"Дисплей","isMenuBlock":false,"fontSize":14,"textHeight":14,"isBold":false,"isItalic":false,"textAlign":"center","labelsPosition":1},{"x":720,"y":1270,"text":"Ликвидация ==>\nпадение бюджета\nпром кризис","width":140,"height":60,"type":"Блок","isMenuBlock":false,"fontSize":12,"textHeight":14,"isBold":false,"isItalic":false,"textAlign":"left","labelsPosition":1},{"x":430,"y":740,"text":"Кризис","width":120,"height":40,"type":"Дисплей","isMenuBlock":false,"fontSize":14,"textHeight":14,"isBold":false,"isItalic":false,"textAlign":"center","labelsPosition":1},{"x":420,"y":810,"text":"Кризис ==>\nПадение бюджета\nкомм. кризис","width":140,"height":60,"type":"Блок","isMenuBlock":false,"fontSize":12,"textHeight":14,"isBold":false,"isItalic":false,"textAlign":"left","labelsPosition":1},{"x":330,"y":1030,"text":"Промышленные","width":120,"height":30,"type":"Начало / конец","isMenuBlock":false,"fontSize":14,"textHeight":14,"isBold":false,"isItalic":false,"textAlign":"center","labelsPosition":1},{"x":430,"y":900,"text":"Подъем","width":120,"height":40,"type":"Дисплей","isMenuBlock":false,"fontSize":14,"textHeight":14,"isBold":false,"isItalic":false,"textAlign":"center","labelsPosition":1},{"x":420,"y":960,"text":"Подъем ==>\nприрост бюджета","width":140,"height":40,"type":"Блок","isMenuBlock":false,"fontSize":12,"textHeight":14,"isBold":false,"isItalic":false,"textAlign":"left","labelsPosition":1},{"x":430,"y":1100,"text":"Кризис","width":120,"height":40,"type":"Дисплей","isMenuBlock":false,"fontSize":14,"textHeight":14,"isBold":false,"isItalic":false,"textAlign":"center","labelsPosition":1},{"x":430,"y":1260,"text":"Подъем","width":120,"height":40,"type":"Дисплей","isMenuBlock":false,"fontSize":14,"textHeight":14,"isBold":false,"isItalic":false,"textAlign":"center","labelsPosition":1},{"x":420,"y":1170,"text":"Кризис ==>\nПадение бюджета\nпром. кризис","width":140,"height":60,"type":"Блок","isMenuBlock":false,"fontSize":12,"textHeight":14,"isBold":false,"isItalic":false,"textAlign":"left","labelsPosition":1},{"x":420,"y":1320,"text":"Подъем ==>\nприрост бюджета","width":140,"height":40,"type":"Блок","isMenuBlock":false,"fontSize":12,"textHeight":14,"isBold":false,"isItalic":false,"textAlign":"left","labelsPosition":1},{"x":420,"y":1580,"text":"падение бюджета\n\nЖертвы: Да\n\nВ - \nПромзоне: пром.кризис\nГороде: комм.кризис","width":140,"height":120,"type":"Блок","isMenuBlock":false,"fontSize":12,"textHeight":14,"isBold":false,"isItalic":false,"textAlign":"left","labelsPosition":1},{"x":140,"y":620,"text":"Инфляция","width":120,"height":40,"type":"Дисплей","isMenuBlock":false,"fontSize":14,"textHeight":14,"isBold":false,"isItalic":false,"textAlign":"center","labelsPosition":1},{"x":130,"y":680,"text":"3%","width":140,"height":40,"type":"Блок","isMenuBlock":false,"fontSize":12,"textHeight":14,"isBold":false,"isItalic":false,"textAlign":"left","labelsPosition":1},{"x":140,"y":760,"text":"Кризис","width":120,"height":40,"type":"Дисплей","isMenuBlock":false,"fontSize":14,"textHeight":14,"isBold":false,"isItalic":false,"textAlign":"center","labelsPosition":1},{"x":720,"y":880,"text":"Ликвидация ==>\nпадение населения\nпадение бюджета\nпром кризис","width":140,"height":80,"type":"Блок","isMenuBlock":false,"fontSize":12,"textHeight":14,"isBold":false,"isItalic":false,"textAlign":"left","labelsPosition":1},{"x":30,"y":940,"text":"Промышленные","width":120,"height":30,"type":"Начало / конец","isMenuBlock":false,"fontSize":14,"textHeight":14,"isBold":false,"isItalic":false,"textAlign":"center","labelsPosition":1},{"x":140,"y":1020,"text":"Кризис","width":120,"height":40,"type":"Дисплей","isMenuBlock":false,"fontSize":14,"textHeight":14,"isBold":false,"isItalic":false,"textAlign":"center","labelsPosition":1},{"x":130,"y":1100,"text":"Через 2 игровых года\nнехватка ресурсов\n\nПадение бюджета +\nпром.кризис","width":140,"height":80,"type":"Блок","isMenuBlock":false,"fontSize":12,"textHeight":14,"isBold":false,"isItalic":false,"textAlign":"left","labelsPosition":1},{"x":130,"y":840,"text":"Через 2 игровых года\n\nПадение бюджета +\nкомм. кризис","width":140,"height":80,"type":"Блок","isMenuBlock":false,"fontSize":12,"textHeight":14,"isBold":false,"isItalic":false,"textAlign":"left","labelsPosition":1},{"x":980,"y":540,"text":"Жилье","width":100,"height":30,"type":"Начало / конец","isMenuBlock":false,"fontSize":14,"textHeight":14,"isBold":false,"isItalic":false,"textAlign":"center","labelsPosition":1},{"x":1100,"y":880,"text":"Средний район","width":160,"height":40,"type":"Дисплей","isMenuBlock":false,"fontSize":14,"textHeight":14,"isBold":false,"isItalic":false,"textAlign":"center","labelsPosition":1},{"x":1100,"y":640,"text":"Малый район","width":160,"height":40,"type":"Дисплей","isMenuBlock":false,"fontSize":14,"textHeight":14,"isBold":false,"isItalic":false,"textAlign":"center","labelsPosition":1},{"x":1100,"y":1120,"text":"Большой район","width":160,"height":40,"type":"Дисплей","isMenuBlock":false,"fontSize":14,"textHeight":14,"isBold":false,"isItalic":false,"textAlign":"center","labelsPosition":1},{"x":1310,"y":720,"text":"Счастье +10%\nРасходники -10%","width":180,"height":40,"type":"Блок","isMenuBlock":false,"fontSize":12,"textHeight":12,"isBold":false,"isItalic":false,"textAlign":"center","labelsPosition":1},{"x":1100,"y":760,"text":"Население: 4000\n\nПотр. энергии: 400 МВт/ч\n(0.1/чел) (117р/ч)\nПотр. воды: 1200 м3/ч\n(0.3/чел) (17р/ч)\n\nИдентификатор: ","width":200,"height":120,"type":"Блок","isMenuBlock":false,"fontSize":14,"textHeight":14,"isBold":false,"isItalic":false,"textAlign":"left","labelsPosition":1},{"x":1310,"y":640,"text":"Стоимость: 500.000\nРасход бюджета: 67.200/ч ","width":180,"height":40,"type":"Блок","isMenuBlock":false,"fontSize":14,"textHeight":14,"isBold":false,"isItalic":false,"textAlign":"center","labelsPosition":1},{"x":1310,"y":960,"text":"Счастье +15%\nРасходники -15%","width":180,"height":40,"type":"Блок","isMenuBlock":false,"fontSize":12,"textHeight":14,"isBold":false,"isItalic":false,"textAlign":"center","labelsPosition":1},{"x":1310,"y":1210,"text":"Счастье +20%\nРасходники -30%","width":180,"height":40,"type":"Блок","isMenuBlock":false,"fontSize":12,"textHeight":14,"isBold":false,"isItalic":false,"textAlign":"center","labelsPosition":1},{"x":1310,"y":880,"text":"Стоимость: 1.500.000\nРасход бюджета: 151.200/ч ","width":180,"height":40,"type":"Блок","isMenuBlock":false,"fontSize":14,"textHeight":14,"isBold":false,"isItalic":false,"textAlign":"center","labelsPosition":1},{"x":1100,"y":1000,"text":"Население: 9000\n\nПотр. энергии: 900 МВт/ч\n(0.1/чел) (117р/ч)\nПотр. воды: 2700 м3/ч\n(0.3/чел) (17р/ч)\n\nИдентификатор: ","width":200,"height":120,"type":"Блок","isMenuBlock":false,"fontSize":14,"textHeight":14,"isBold":false,"isItalic":false,"textAlign":"left","labelsPosition":1},{"x":1100,"y":1250,"text":"Население: 20000\n\nПотр. энергии: 2000 МВт/ч\n(0.1/чел) (117р/ч)\nПотр. воды: 6000 м3/ч\n(0.3/чел) (17р/ч)\n\nИдентификатор: ","width":200,"height":120,"type":"Блок","isMenuBlock":false,"fontSize":14,"textHeight":14,"isBold":false,"isItalic":false,"textAlign":"left","labelsPosition":1},{"x":1310,"y":1120,"text":"Стоимость: 3.500.000\nРасход бюджета: 336.000/ч ","width":180,"height":40,"type":"Блок","isMenuBlock":false,"fontSize":14,"textHeight":14,"isBold":false,"isItalic":false,"textAlign":"center","labelsPosition":1},{"x":1040,"y":-140,"text":"Публичные данные","width":180,"height":30,"type":"Начало / конец","isMenuBlock":false,"fontSize":14,"textHeight":14,"isBold":false,"isItalic":false,"textAlign":"center","labelsPosition":1},{"x":1870,"y":-30,"text":"Потребление","width":100,"height":30,"type":"Начало / конец","isMenuBlock":false,"fontSize":14,"textHeight":14,"isBold":false,"isItalic":false,"textAlign":"center","labelsPosition":1},{"x":1650,"y":-30,"text":"Расходники","width":100,"height":30,"type":"Начало / конец","isMenuBlock":false,"fontSize":14,"textHeight":14,"isBold":false,"isItalic":false,"textAlign":"center","labelsPosition":1},{"x":1760,"y":-140,"text":"(Не) публичные данные","width":180,"height":30,"type":"Начало / конец","isMenuBlock":false,"fontSize":14,"textHeight":14,"isBold":false,"isItalic":false,"textAlign":"center","labelsPosition":1},{"x":1650,"y":90,"text":"Деньги:\n\nЭлектричество: {промзона}\nВода: {промзона}\nБезопасность: %\nМедицина: %\nОбразование: %\n\nСчастье: %","width":180,"height":140,"type":"Блок","isMenuBlock":false,"fontSize":13,"textHeight":13,"isBold":false,"isItalic":false,"textAlign":"left","labelsPosition":1},{"x":1650,"y":270,"text":"Электричество: деньги\nВода: деньги\n\nБезопасность: деньги\nМедицина: деньги\nОбразование: деньги\n\nСчастье: Без. Мед. Обр.","width":180,"height":140,"type":"Блок","isMenuBlock":false,"fontSize":13,"textHeight":14,"isBold":false,"isItalic":false,"textAlign":"left","labelsPosition":1},{"x":1870,"y":90,"text":"Электричество: деньги\nВода: деньги\n\nБезопасность: деньги\nМедицина: деньги\nОбразование: деньги\n\nСчастье: Без. Мед. Обр.","width":180,"height":140,"type":"Блок","isMenuBlock":false,"fontSize":13,"textHeight":13,"isBold":false,"isItalic":false,"textAlign":"left","labelsPosition":1},{"x":920,"y":70,"text":"Герб: ПОЛЬЗ\n\nГимн: ПОЛЬЗ\n\nИстория: ПОЛЬЗ","width":160,"height":100,"type":"Блок","isMenuBlock":false,"fontSize":14,"textHeight":14,"isBold":false,"isItalic":false,"textAlign":"left","labelsPosition":1},{"x":1400,"y":-260,"text":"создание txt\nс информацией\nо городе","width":140,"height":80,"type":"Блок","isMenuBlock":false,"fontSize":14,"textHeight":14,"isBold":false,"isItalic":false,"textAlign":"center","labelsPosition":1},{"x":1400,"y":-140,"text":"Обозначения","width":100,"height":30,"type":"Начало / конец","isMenuBlock":false,"fontSize":14,"textHeight":14,"isBold":false,"isItalic":false,"textAlign":"center","labelsPosition":1},{"x":1160,"y":180,"text":"Страна: ВЫБОР\n\nСубъект: ВЫБОР\n\nИмя города: ПОЛЬЗ\n\nГод основания: АВТО\n\nПлощадь: АВТО\n\nКол-во людей: АВТО\n\nГлава: ПОЛЬЗ\n\nНациональности: АВТО\n\nДень города:АВТО","width":160,"height":320,"type":"Блок","isMenuBlock":false,"fontSize":14,"textHeight":14,"isBold":false,"isItalic":false,"textAlign":"left","labelsPosition":1},{"x":1400,"y":-30,"text":"ПОЛЬЗ\n- пользовательское значение\n\nВЫБОР\n- возможность выбора из списка\n\nАВТО\n- авто назначение\n\nДЕНЬГИ\n- зависимость от бюджета\n- - прямая или косвенная","width":180,"height":140,"type":"Блок","isMenuBlock":false,"fontSize":11,"textHeight":11,"isBold":false,"isItalic":false,"textAlign":"left","labelsPosition":1},{"x":2160,"y":600,"text":"Вода","width":120,"height":40,"type":"Дисплей","isMenuBlock":false,"fontSize":14,"textHeight":14,"isBold":false,"isItalic":false,"textAlign":"center","labelsPosition":1},{"x":1740,"y":600,"text":"Электричество","width":120,"height":40,"type":"Дисплей","isMenuBlock":false,"fontSize":14,"textHeight":14,"isBold":false,"isItalic":false,"textAlign":"center","labelsPosition":1},{"x":1890,"y":660,"text":"Малая электростанция","width":220,"height":30,"type":"Начало / конец","isMenuBlock":false,"fontSize":14,"textHeight":14,"isBold":false,"isItalic":false,"textAlign":"center","labelsPosition":1},{"x":2310,"y":660,"text":"Малая станция","width":220,"height":30,"type":"Начало / конец","isMenuBlock":false,"fontSize":14,"textHeight":14,"isBold":false,"isItalic":false,"textAlign":"center","labelsPosition":1},{"x":2560,"y":600,"text":"Товары","width":120,"height":40,"type":"Дисплей","isMenuBlock":false,"fontSize":14,"textHeight":14,"isBold":false,"isItalic":false,"textAlign":"center","labelsPosition":1},{"x":2710,"y":660,"text":"Малый ПромРайон","width":220,"height":30,"type":"Начало / конец","isMenuBlock":false,"fontSize":14,"textHeight":14,"isBold":false,"isItalic":false,"textAlign":"center","labelsPosition":1},{"x":2710,"y":960,"text":"Средний ПромРайон","width":220,"height":30,"type":"Начало / конец","isMenuBlock":false,"fontSize":14,"textHeight":14,"isBold":false,"isItalic":false,"textAlign":"center","labelsPosition":1},{"x":1810,"y":720,"text":"Потребление","width":100,"height":40,"type":"Блок","isMenuBlock":false,"fontSize":14,"textHeight":14,"isBold":false,"isItalic":false,"textAlign":"center","labelsPosition":1},{"x":1970,"y":720,"text":"Выход","width":100,"height":40,"type":"Блок","isMenuBlock":false,"fontSize":14,"textHeight":14,"isBold":false,"isItalic":false,"textAlign":"center","labelsPosition":1},{"x":1810,"y":780,"text":"Покупка: 20.000\nВода: 200м3/ч\nДеньги: 4230/ч","width":100,"height":40,"type":"Блок","isMenuBlock":false,"fontSize":11,"textHeight":11,"isBold":false,"isItalic":false,"textAlign":"center","labelsPosition":1},{"x":1890,"y":840,"text":"Средняя электростанция","width":220,"height":30,"type":"Начало / конец","isMenuBlock":false,"fontSize":14,"textHeight":14,"isBold":false,"isItalic":false,"textAlign":"center","labelsPosition":1},{"x":1810,"y":900,"text":"Потребление","width":100,"height":40,"type":"Блок","isMenuBlock":false,"fontSize":14,"textHeight":14,"isBold":false,"isItalic":false,"textAlign":"center","labelsPosition":1},{"x":1970,"y":900,"text":"Выход","width":100,"height":40,"type":"Блок","isMenuBlock":false,"fontSize":14,"textHeight":14,"isBold":false,"isItalic":false,"textAlign":"center","labelsPosition":1},{"x":1810,"y":970,"text":"Покупка: 100.000\nВода: 300м3/ч\nДеньги: 9100/ч","width":100,"height":60,"type":"Блок","isMenuBlock":false,"fontSize":11,"textHeight":14,"isBold":false,"isItalic":false,"textAlign":"center","labelsPosition":1},{"x":1970,"y":780,"text":"Электричество: 850Мвт/ч","width":140,"height":40,"type":"Блок","isMenuBlock":false,"fontSize":11,"textHeight":14,"isBold":false,"isItalic":false,"textAlign":"center","labelsPosition":1},{"x":1970,"y":960,"text":"Электричество: 1850Мвт/ч","width":140,"height":40,"type":"Блок","isMenuBlock":false,"fontSize":11,"textHeight":14,"isBold":false,"isItalic":false,"textAlign":"center","labelsPosition":1},{"x":1890,"y":1040,"text":"Большая электростанция","width":220,"height":30,"type":"Начало / конец","isMenuBlock":false,"fontSize":14,"textHeight":14,"isBold":false,"isItalic":false,"textAlign":"center","labelsPosition":1},{"x":1810,"y":1100,"text":"Потребление","width":100,"height":40,"type":"Блок","isMenuBlock":false,"fontSize":14,"textHeight":14,"isBold":false,"isItalic":false,"textAlign":"center","labelsPosition":1},{"x":1970,"y":1100,"text":"Выход","width":100,"height":40,"type":"Блок","isMenuBlock":false,"fontSize":14,"textHeight":14,"isBold":false,"isItalic":false,"textAlign":"center","labelsPosition":1},{"x":1810,"y":1170,"text":"Покупка: 500.000\nВода: 400м3/ч\nДеньги: 19000/ч","width":100,"height":60,"type":"Блок","isMenuBlock":false,"fontSize":11,"textHeight":14,"isBold":false,"isItalic":false,"textAlign":"center","labelsPosition":1},{"x":1970,"y":1160,"text":"Электричество: 5000Мвт/ч","width":140,"height":40,"type":"Блок","isMenuBlock":false,"fontSize":11,"textHeight":14,"isBold":false,"isItalic":false,"textAlign":"center","labelsPosition":1},{"x":2230,"y":720,"text":"Потребление","width":100,"height":40,"type":"Блок","isMenuBlock":false,"fontSize":14,"textHeight":14,"isBold":false,"isItalic":false,"textAlign":"center","labelsPosition":1},{"x":2390,"y":720,"text":"Выход","width":100,"height":40,"type":"Блок","isMenuBlock":false,"fontSize":14,"textHeight":14,"isBold":false,"isItalic":false,"textAlign":"center","labelsPosition":1},{"x":2310,"y":860,"text":"Средняя станция","width":220,"height":30,"type":"Начало / конец","isMenuBlock":false,"fontSize":14,"textHeight":14,"isBold":false,"isItalic":false,"textAlign":"center","labelsPosition":1},{"x":2230,"y":920,"text":"Потребление","width":100,"height":40,"type":"Блок","isMenuBlock":false,"fontSize":14,"textHeight":14,"isBold":false,"isItalic":false,"textAlign":"center","labelsPosition":1},{"x":2390,"y":920,"text":"Выход","width":100,"height":40,"type":"Блок","isMenuBlock":false,"fontSize":14,"textHeight":14,"isBold":false,"isItalic":false,"textAlign":"center","labelsPosition":1},{"x":2310,"y":1060,"text":"Большая станция","width":220,"height":30,"type":"Начало / конец","isMenuBlock":false,"fontSize":14,"textHeight":14,"isBold":false,"isItalic":false,"textAlign":"center","labelsPosition":1},{"x":2230,"y":1120,"text":"Потребление","width":100,"height":40,"type":"Блок","isMenuBlock":false,"fontSize":14,"textHeight":14,"isBold":false,"isItalic":false,"textAlign":"center","labelsPosition":1},{"x":2390,"y":1120,"text":"Выход","width":100,"height":40,"type":"Блок","isMenuBlock":false,"fontSize":14,"textHeight":14,"isBold":false,"isItalic":false,"textAlign":"center","labelsPosition":1},{"x":2230,"y":790,"text":"Покупка: 20.000\nЭлектр.: 2МВт/ч\nДеньги: 2800/ч","width":100,"height":60,"type":"Блок","isMenuBlock":false,"fontSize":11,"textHeight":14,"isBold":false,"isItalic":false,"textAlign":"center","labelsPosition":1},{"x":2390,"y":780,"text":"Водоснабжение: 1480м3/ч","width":140,"height":40,"type":"Блок","isMenuBlock":false,"fontSize":11,"textHeight":14,"isBold":false,"isItalic":false,"textAlign":"center","labelsPosition":1},{"x":2230,"y":990,"text":"Покупка: 100.000\nЭлектр.: 4МВт/ч\nДеньги: 5400/ч","width":100,"height":60,"type":"Блок","isMenuBlock":false,"fontSize":11,"textHeight":14,"isBold":false,"isItalic":false,"textAlign":"center","labelsPosition":1},{"x":2230,"y":1190,"text":"Покупка: 500.000\nЭлектр.: 8Мвт/ч\nДеньги: 16000/ч","width":100,"height":60,"type":"Блок","isMenuBlock":false,"fontSize":11,"textHeight":14,"isBold":false,"isItalic":false,"textAlign":"center","labelsPosition":1},{"x":2390,"y":980,"text":"Водоснабжение: 3200м3/ч","width":140,"height":40,"type":"Блок","isMenuBlock":false,"fontSize":11,"textHeight":14,"isBold":false,"isItalic":false,"textAlign":"center","labelsPosition":1},{"x":2390,"y":1180,"text":"Водоснабжение: 7100м3/ч","width":140,"height":40,"type":"Блок","isMenuBlock":false,"fontSize":11,"textHeight":14,"isBold":false,"isItalic":false,"textAlign":"center","labelsPosition":1},{"x":2000,"y":390,"text":"Промзона : Создание","width":200,"height":30,"type":"Начало / конец","isMenuBlock":false,"fontSize":14,"textHeight":14,"isBold":false,"isItalic":false,"textAlign":"center","labelsPosition":1},{"x":2630,"y":720,"text":"Потребление","width":100,"height":40,"type":"Блок","isMenuBlock":false,"fontSize":14,"textHeight":14,"isBold":false,"isItalic":false,"textAlign":"center","labelsPosition":1},{"x":2900,"y":700,"text":"Производство","width":100,"height":30,"type":"Начало / конец","isMenuBlock":false,"fontSize":14,"textHeight":14,"isBold":false,"isItalic":false,"textAlign":"center","labelsPosition":1},{"x":2830,"y":760,"text":"Импорт","width":100,"height":30,"type":"Начало / конец","isMenuBlock":false,"fontSize":14,"textHeight":14,"isBold":false,"isItalic":false,"textAlign":"center","labelsPosition":1},{"x":2970,"y":760,"text":"Экспорт","width":100,"height":30,"type":"Начало / конец","isMenuBlock":false,"fontSize":14,"textHeight":14,"isBold":false,"isItalic":false,"textAlign":"center","labelsPosition":1},{"x":2830,"y":850,"text":"Товары: 70/ч\nСтоимость: 50/шт\n\nПродажа: 110/шт","width":100,"height":60,"type":"Блок","isMenuBlock":false,"fontSize":11,"textHeight":11,"isBold":false,"isItalic":false,"textAlign":"left","labelsPosition":1},{"x":2970,"y":850,"text":"Товары: 50/ч\nСтоимость: 40/шт\n\nПродажа: 190/шт","width":100,"height":60,"type":"Блок","isMenuBlock":false,"fontSize":11,"textHeight":11,"isBold":false,"isItalic":false,"textAlign":"left","labelsPosition":1},{"x":2630,"y":1020,"text":"Потребление","width":100,"height":40,"type":"Блок","isMenuBlock":false,"fontSize":14,"textHeight":14,"isBold":false,"isItalic":false,"textAlign":"center","labelsPosition":1},{"x":2900,"y":1000,"text":"Производство","width":100,"height":30,"type":"Начало / конец","isMenuBlock":false,"fontSize":14,"textHeight":14,"isBold":false,"isItalic":false,"textAlign":"center","labelsPosition":1},{"x":2830,"y":1060,"text":"Импорт","width":100,"height":30,"type":"Начало / конец","isMenuBlock":false,"fontSize":14,"textHeight":14,"isBold":false,"isItalic":false,"textAlign":"center","labelsPosition":1},{"x":2970,"y":1060,"text":"Экспорт","width":100,"height":30,"type":"Начало / конец","isMenuBlock":false,"fontSize":14,"textHeight":14,"isBold":false,"isItalic":false,"textAlign":"center","labelsPosition":1},{"x":2710,"y":1260,"text":"Большой ПромРайон","width":220,"height":30,"type":"Начало / конец","isMenuBlock":false,"fontSize":14,"textHeight":14,"isBold":false,"isItalic":false,"textAlign":"center","labelsPosition":1},{"x":2630,"y":1320,"text":"Потребление","width":100,"height":40,"type":"Блок","isMenuBlock":false,"fontSize":14,"textHeight":14,"isBold":false,"isItalic":false,"textAlign":"center","labelsPosition":1},{"x":2900,"y":1300,"text":"Производство","width":100,"height":30,"type":"Начало / конец","isMenuBlock":false,"fontSize":14,"textHeight":14,"isBold":false,"isItalic":false,"textAlign":"center","labelsPosition":1},{"x":2830,"y":1360,"text":"Импорт","width":100,"height":30,"type":"Начало / конец","isMenuBlock":false,"fontSize":14,"textHeight":14,"isBold":false,"isItalic":false,"textAlign":"center","labelsPosition":1},{"x":2970,"y":1360,"text":"Экспорт","width":100,"height":30,"type":"Начало / конец","isMenuBlock":false,"fontSize":14,"textHeight":14,"isBold":false,"isItalic":false,"textAlign":"center","labelsPosition":1},{"x":2660,"y":820,"text":"Покупка: 160.000\nДеньги: 8.800/ч\nВода: 100м3/ч\nЭлектричество: 5МВт/ч","width":160,"height":80,"type":"Блок","isMenuBlock":false,"fontSize":13,"textHeight":13,"isBold":false,"isItalic":false,"textAlign":"left","labelsPosition":1},{"x":2830,"y":1150,"text":"Товары: 210/ч\nСтоимость: 80/шт\n\nПродажа: 170/шт","width":100,"height":60,"type":"Блок","isMenuBlock":false,"fontSize":11,"textHeight":14,"isBold":false,"isItalic":false,"textAlign":"left","labelsPosition":1},{"x":2970,"y":1150,"text":"Товары: 160/ч\nСтоимость: 60/шт\n\nПродажа: 220/шт","width":100,"height":60,"type":"Блок","isMenuBlock":false,"fontSize":11,"textHeight":14,"isBold":false,"isItalic":false,"textAlign":"left","labelsPosition":1},{"x":2830,"y":1450,"text":"Товары: 740/ч\nСтоимость: 110/шт\n\nПродажа: 230/шт","width":100,"height":60,"type":"Блок","isMenuBlock":false,"fontSize":11,"textHeight":14,"isBold":false,"isItalic":false,"textAlign":"left","labelsPosition":1},{"x":2970,"y":1450,"text":"Товары: 700/ч\nСтоимость: 90/шт\n\nПродажа: 250/шт","width":100,"height":60,"type":"Блок","isMenuBlock":false,"fontSize":11,"textHeight":14,"isBold":false,"isItalic":false,"textAlign":"left","labelsPosition":1},{"x":2670,"y":1510,"text":"ИТОГ\n345.200 - 159.400 = 185.800","width":180,"height":30,"type":"Начало / конец","isMenuBlock":false,"fontSize":12,"textHeight":14,"isBold":false,"isItalic":false,"textAlign":"center","labelsPosition":1},{"x":2670,"y":1210,"text":"ИТОГ\n70.900 - 40.800 = 30.100","width":180,"height":30,"type":"Начало / конец","isMenuBlock":false,"fontSize":12,"textHeight":14,"isBold":false,"isItalic":false,"textAlign":"center","labelsPosition":1},{"x":2670,"y":910,"text":"ИТОГ\n17.200 - 8.800 = 8.400","width":180,"height":30,"type":"Начало / конец","isMenuBlock":false,"fontSize":12,"textHeight":12,"isBold":false,"isItalic":false,"textAlign":"center","labelsPosition":1},{"x":2660,"y":1120,"text":"Покупка: 1.700.000\nДеньги: 40.800/ч\nВода: 400м3/ч\nЭлектричество: 13МВт/ч","width":160,"height":80,"type":"Блок","isMenuBlock":false,"fontSize":13,"textHeight":13,"isBold":false,"isItalic":false,"textAlign":"left","labelsPosition":1},{"x":2660,"y":1420,"text":"Покупка: 6.350.000\nДеньги: 159.400/ч\nВода: 700м3/ч\nЭлектричество: 25МВт/ч","width":160,"height":80,"type":"Блок","isMenuBlock":false,"fontSize":13,"textHeight":13,"isBold":false,"isItalic":false,"textAlign":"left","labelsPosition":1}],"arrows":[{"startIndex":15,"endIndex":14,"startConnectorIndex":2,"endConnectorIndex":0,"nodes":[{"x":250,"y":-65},{"x":250,"y":-30},{"x":250,"y":-15}],"counts":[1,1,1]},{"startIndex":10,"endIndex":15,"startConnectorIndex":2,"endConnectorIndex":0,"nodes":[{"x":-110,"y":-465},{"x":-110,"y":-110},{"x":250,"y":-110},{"x":250,"y":-95}],"counts":[1,1,1,1]},{"startIndex":8,"endIndex":9,"startConnectorIndex":1,"endConnectorIndex":3,"nodes":[{"x":540,"y":-250},{"x":580,"y":-250},{"x":600,"y":-250}],"counts":[1,1,1]},{"startIndex":6,"endIndex":8,"startConnectorIndex":1,"endConnectorIndex":2,"nodes":[{"x":360,"y":-170},{"x":480,"y":-170},{"x":480,"y":-210},{"x":480,"y":-230}],"counts":[1,1,1,1]},{"startIndex":5,"endIndex":8,"startConnectorIndex":1,"endConnectorIndex":3,"nodes":[{"x":360,"y":-250},{"x":400,"y":-250},{"x":420,"y":-250}],"counts":[1,1,1]},{"startIndex":7,"endIndex":8,"startConnectorIndex":1,"endConnectorIndex":0,"nodes":[{"x":360,"y":-330},{"x":480,"y":-330},{"x":480,"y":-290},{"x":480,"y":-270}],"counts":[1,1,1,1]},{"startIndex":4,"endIndex":6,"startConnectorIndex":1,"endConnectorIndex":3,"nodes":[{"x":220,"y":-170},{"x":240,"y":-170},{"x":260,"y":-170}],"counts":[1,1,1]},{"startIndex":3,"endIndex":5,"startConnectorIndex":1,"endConnectorIndex":3,"nodes":[{"x":220,"y":-250},{"x":240,"y":-250},{"x":260,"y":-250}],"counts":[1,1,1]},{"startIndex":11,"endIndex":4,"startConnectorIndex":2,"endConnectorIndex":3,"nodes":[{"x":40,"y":-385},{"x":40,"y":-170},{"x":80,"y":-170},{"x":100,"y":-170}],"counts":[1,1,1,1]},{"startIndex":11,"endIndex":3,"startConnectorIndex":2,"endConnectorIndex":3,"nodes":[{"x":40,"y":-385},{"x":40,"y":-250},{"x":80,"y":-250},{"x":100,"y":-250}],"counts":[1,1,1,1]},{"startIndex":10,"endIndex":11,"startConnectorIndex":2,"endConnectorIndex":0,"nodes":[{"x":-110,"y":-465},{"x":-110,"y":-430},{"x":40,"y":-430},{"x":40,"y":-415}],"counts":[1,1,1,1]},{"startIndex":12,"endIndex":7,"startConnectorIndex":1,"endConnectorIndex":3,"nodes":[{"x":220,"y":-330},{"x":240,"y":-330},{"x":260,"y":-330}],"counts":[1,1,1]},{"startIndex":11,"endIndex":12,"startConnectorIndex":2,"endConnectorIndex":3,"nodes":[{"x":40,"y":-385},{"x":40,"y":-330},{"x":80,"y":-330},{"x":100,"y":-330}],"counts":[1,1,1,1]},{"startIndex":15,"endIndex":16,"startConnectorIndex":2,"endConnectorIndex":0,"nodes":[{"x":250,"y":-65},{"x":250,"y":-40},{"x":550,"y":-40},{"x":550,"y":-30},{"x":550,"y":-15}],"counts":[1,1,1,1,1]},{"startIndex":14,"endIndex":25,"startConnectorIndex":2,"endConnectorIndex":3,"nodes":[{"x":250,"y":15},{"x":250,"y":660},{"x":270,"y":660}],"counts":[1,1,1]},{"startIndex":13,"endIndex":22,"startConnectorIndex":2,"endConnectorIndex":3,"nodes":[{"x":-50,"y":15},{"x":-50,"y":60},{"x":-30,"y":60}],"counts":[1,1,1]},{"startIndex":14,"endIndex":23,"startConnectorIndex":2,"endConnectorIndex":3,"nodes":[{"x":250,"y":15},{"x":250,"y":60},{"x":270,"y":60}],"counts":[1,1,1]},{"startIndex":16,"endIndex":24,"startConnectorIndex":2,"endConnectorIndex":3,"nodes":[{"x":550,"y":15},{"x":550,"y":60},{"x":570,"y":60}],"counts":[1,1,1]},{"startIndex":22,"endIndex":19,"startConnectorIndex":2,"endConnectorIndex":3,"nodes":[{"x":30,"y":75},{"x":30,"y":140},{"x":60,"y":140},{"x":80,"y":140}],"counts":[1,1,1,1]},{"startIndex":19,"endIndex":34,"startConnectorIndex":2,"endConnectorIndex":0,"nodes":[{"x":140,"y":160},{"x":140,"y":160},{"x":130,"y":160},{"x":130,"y":180}],"counts":[1,1,1,1]},{"startIndex":23,"endIndex":31,"startConnectorIndex":2,"endConnectorIndex":3,"nodes":[{"x":330,"y":75},{"x":330,"y":140},{"x":350,"y":140},{"x":370,"y":140}],"counts":[1,1,1,1]},{"startIndex":31,"endIndex":32,"startConnectorIndex":2,"endConnectorIndex":0,"nodes":[{"x":430,"y":160},{"x":430,"y":160},{"x":420,"y":160},{"x":420,"y":180}],"counts":[1,1,1,1]},{"startIndex":21,"endIndex":29,"startConnectorIndex":2,"endConnectorIndex":0,"nodes":[{"x":430,"y":360},{"x":430,"y":360},{"x":420,"y":360},{"x":420,"y":380}],"counts":[1,1,1,1]},{"startIndex":23,"endIndex":21,"startConnectorIndex":2,"endConnectorIndex":3,"nodes":[{"x":330,"y":75},{"x":330,"y":340},{"x":350,"y":340},{"x":370,"y":340}],"counts":[1,1,1,1]},{"startIndex":23,"endIndex":28,"startConnectorIndex":2,"endConnectorIndex":3,"nodes":[{"x":330,"y":75},{"x":330,"y":520},{"x":350,"y":520},{"x":370,"y":520}],"counts":[1,1,1,1]},{"startIndex":28,"endIndex":30,"startConnectorIndex":2,"endConnectorIndex":0,"nodes":[{"x":430,"y":540},{"x":430,"y":540},{"x":420,"y":540},{"x":420,"y":560}],"counts":[1,1,1,1]},{"startIndex":24,"endIndex":36,"startConnectorIndex":2,"endConnectorIndex":3,"nodes":[{"x":630,"y":75},{"x":630,"y":140},{"x":650,"y":140},{"x":670,"y":140}],"counts":[1,1,1,1]},{"startIndex":15,"endIndex":13,"startConnectorIndex":2,"endConnectorIndex":0,"nodes":[{"x":250,"y":-65},{"x":250,"y":-40},{"x":-10,"y":-40},{"x":-50,"y":-40},{"x":-50,"y":-15}],"counts":[1,1,1,1]},{"startIndex":36,"endIndex":33,"startConnectorIndex":2,"endConnectorIndex":0,"nodes":[{"x":730,"y":160},{"x":730,"y":160},{"x":720,"y":160},{"x":720,"y":180}],"counts":[1,1,1,1]},{"startIndex":37,"endIndex":40,"startConnectorIndex":2,"endConnectorIndex":0,"nodes":[{"x":730,"y":360},{"x":730,"y":360},{"x":720,"y":360},{"x":720,"y":380}],"counts":[1,1,1,1]},{"startIndex":24,"endIndex":37,"startConnectorIndex":2,"endConnectorIndex":3,"nodes":[{"x":630,"y":75},{"x":630,"y":340},{"x":650,"y":340},{"x":670,"y":340}],"counts":[1,1,1,1]},{"startIndex":22,"endIndex":20,"startConnectorIndex":2,"endConnectorIndex":3,"nodes":[{"x":30,"y":75},{"x":30,"y":340},{"x":60,"y":340},{"x":80,"y":340}],"counts":[1,1,1,1]},{"startIndex":20,"endIndex":35,"startConnectorIndex":2,"endConnectorIndex":0,"nodes":[{"x":140,"y":360},{"x":140,"y":360},{"x":130,"y":360},{"x":130,"y":380}],"counts":[1,1,1,1]},{"startIndex":16,"endIndex":38,"startConnectorIndex":2,"endConnectorIndex":3,"nodes":[{"x":550,"y":15},{"x":550,"y":540},{"x":570,"y":540}],"counts":[1,1,1]},{"startIndex":16,"endIndex":18,"startConnectorIndex":2,"endConnectorIndex":3,"nodes":[{"x":550,"y":15},{"x":550,"y":980},{"x":570,"y":980}],"counts":[1,1,1]},{"startIndex":41,"endIndex":42,"startConnectorIndex":2,"endConnectorIndex":0,"nodes":[{"x":730,"y":640},{"x":730,"y":640},{"x":720,"y":640},{"x":720,"y":660}],"counts":[1,1,1,1]},{"startIndex":39,"endIndex":60,"startConnectorIndex":2,"endConnectorIndex":0,"nodes":[{"x":730,"y":820},{"x":730,"y":820},{"x":720,"y":820},{"x":720,"y":840}],"counts":[1,1,1,1]},{"startIndex":38,"endIndex":39,"startConnectorIndex":2,"endConnectorIndex":3,"nodes":[{"x":630,"y":555},{"x":630,"y":800},{"x":650,"y":800},{"x":670,"y":800}],"counts":[1,1,1,1]},{"startIndex":38,"endIndex":41,"startConnectorIndex":2,"endConnectorIndex":3,"nodes":[{"x":630,"y":555},{"x":630,"y":620},{"x":650,"y":620},{"x":670,"y":620}],"counts":[1,1,1,1]},{"startIndex":43,"endIndex":44,"startConnectorIndex":2,"endConnectorIndex":0,"nodes":[{"x":730,"y":1080},{"x":730,"y":1080},{"x":720,"y":1080},{"x":720,"y":1100}],"counts":[1,1,1,1]},{"startIndex":18,"endIndex":43,"startConnectorIndex":2,"endConnectorIndex":3,"nodes":[{"x":630,"y":995},{"x":630,"y":1060},{"x":650,"y":1060},{"x":670,"y":1060}],"counts":[1,1,1,1]},{"startIndex":45,"endIndex":46,"startConnectorIndex":2,"endConnectorIndex":0,"nodes":[{"x":730,"y":1220},{"x":730,"y":1220},{"x":720,"y":1220},{"x":720,"y":1240}],"counts":[1,1,1,1]},{"startIndex":18,"endIndex":45,"startConnectorIndex":2,"endConnectorIndex":3,"nodes":[{"x":630,"y":995},{"x":630,"y":1200},{"x":650,"y":1200},{"x":670,"y":1200}],"counts":[1,1,1,1]},{"startIndex":47,"endIndex":48,"startConnectorIndex":2,"endConnectorIndex":0,"nodes":[{"x":430,"y":760},{"x":430,"y":760},{"x":420,"y":760},{"x":420,"y":780}],"counts":[1,1,1,1]},{"startIndex":25,"endIndex":47,"startConnectorIndex":2,"endConnectorIndex":3,"nodes":[{"x":330,"y":675},{"x":330,"y":740},{"x":350,"y":740},{"x":370,"y":740}],"counts":[1,1,1,1]},{"startIndex":25,"endIndex":50,"startConnectorIndex":2,"endConnectorIndex":3,"nodes":[{"x":330,"y":675},{"x":330,"y":900},{"x":350,"y":900},{"x":370,"y":900}],"counts":[1,1,1,1]},{"startIndex":50,"endIndex":51,"startConnectorIndex":2,"endConnectorIndex":0,"nodes":[{"x":430,"y":920},{"x":430,"y":920},{"x":420,"y":920},{"x":420,"y":940}],"counts":[1,1,1,1]},{"startIndex":14,"endIndex":49,"startConnectorIndex":2,"endConnectorIndex":3,"nodes":[{"x":250,"y":15},{"x":250,"y":1030},{"x":270,"y":1030}],"counts":[1,1,1]},{"startIndex":53,"endIndex":55,"startConnectorIndex":2,"endConnectorIndex":0,"nodes":[{"x":430,"y":1280},{"x":430,"y":1280},{"x":420,"y":1280},{"x":420,"y":1300}],"counts":[1,1,1,1]},{"startIndex":52,"endIndex":54,"startConnectorIndex":2,"endConnectorIndex":0,"nodes":[{"x":430,"y":1120},{"x":430,"y":1120},{"x":420,"y":1120},{"x":420,"y":1140}],"counts":[1,1,1,1]},{"startIndex":49,"endIndex":52,"startConnectorIndex":2,"endConnectorIndex":3,"nodes":[{"x":330,"y":1045},{"x":330,"y":1100},{"x":350,"y":1100},{"x":370,"y":1100}],"counts":[1,1,1,1]},{"startIndex":49,"endIndex":53,"startConnectorIndex":2,"endConnectorIndex":3,"nodes":[{"x":330,"y":1045},{"x":330,"y":1260},{"x":350,"y":1260},{"x":370,"y":1260}],"counts":[1,1,1,1]},{"startIndex":14,"endIndex":26,"startConnectorIndex":2,"endConnectorIndex":3,"nodes":[{"x":250,"y":15},{"x":250,"y":1400},{"x":270,"y":1400}],"counts":[1,1,1]},{"startIndex":26,"endIndex":27,"startConnectorIndex":2,"endConnectorIndex":3,"nodes":[{"x":330,"y":1415},{"x":330,"y":1480},{"x":350,"y":1480},{"x":370,"y":1480}],"counts":[1,1,1,1]},{"startIndex":27,"endIndex":56,"startConnectorIndex":2,"endConnectorIndex":0,"nodes":[{"x":430,"y":1500},{"x":430,"y":1500},{"x":420,"y":1500},{"x":420,"y":1520}],"counts":[1,1,1,1]},{"startIndex":13,"endIndex":17,"startConnectorIndex":2,"endConnectorIndex":3,"nodes":[{"x":-50,"y":15},{"x":-50,"y":540},{"x":-30,"y":540}],"counts":[1,1,1]},{"startIndex":13,"endIndex":61,"startConnectorIndex":2,"endConnectorIndex":3,"nodes":[{"x":-50,"y":15},{"x":-50,"y":940},{"x":-30,"y":940}],"counts":[1,1,1]},{"startIndex":57,"endIndex":58,"startConnectorIndex":2,"endConnectorIndex":0,"nodes":[{"x":140,"y":640},{"x":140,"y":640},{"x":130,"y":640},{"x":130,"y":660}],"counts":[1,1,1,1]},{"startIndex":17,"endIndex":57,"startConnectorIndex":2,"endConnectorIndex":3,"nodes":[{"x":30,"y":555},{"x":30,"y":620},{"x":60,"y":620},{"x":80,"y":620}],"counts":[1,1,1,1]},{"startIndex":17,"endIndex":59,"startConnectorIndex":2,"endConnectorIndex":3,"nodes":[{"x":30,"y":555},{"x":30,"y":760},{"x":60,"y":760},{"x":80,"y":760}],"counts":[1,1,1,1]},{"startIndex":59,"endIndex":64,"startConnectorIndex":2,"endConnectorIndex":0,"nodes":[{"x":140,"y":780},{"x":140,"y":780},{"x":130,"y":780},{"x":130,"y":800}],"counts":[1,1,1,1]},{"startIndex":62,"endIndex":63,"startConnectorIndex":2,"endConnectorIndex":0,"nodes":[{"x":140,"y":1040},{"x":140,"y":1040},{"x":130,"y":1040},{"x":130,"y":1060}],"counts":[1,1,1,1]},{"startIndex":61,"endIndex":62,"startConnectorIndex":2,"endConnectorIndex":3,"nodes":[{"x":30,"y":955},{"x":30,"y":1020},{"x":60,"y":1020},{"x":80,"y":1020}],"counts":[1,1,1,1]},{"startIndex":68,"endIndex":76,"startConnectorIndex":2,"endConnectorIndex":0,"nodes":[{"x":1100,"y":1140},{"x":1100,"y":1170},{"x":1100,"y":1190}],"counts":[1,1,1]},{"startIndex":77,"endIndex":73,"startConnectorIndex":2,"endConnectorIndex":0,"nodes":[{"x":1310,"y":1140},{"x":1310,"y":1170},{"x":1310,"y":1190}],"counts":[1,1,1]},{"startIndex":68,"endIndex":77,"startConnectorIndex":1,"endConnectorIndex":3,"nodes":[{"x":1180,"y":1120},{"x":1200,"y":1120},{"x":1220,"y":1120}],"counts":[1,1,1]},{"startIndex":65,"endIndex":68,"startConnectorIndex":2,"endConnectorIndex":3,"nodes":[{"x":980,"y":555},{"x":980,"y":1120},{"x":1000,"y":1120},{"x":1020,"y":1120}],"counts":[1,1,1,1]},{"startIndex":65,"endIndex":66,"startConnectorIndex":2,"endConnectorIndex":3,"nodes":[{"x":980,"y":555},{"x":980,"y":880},{"x":1000,"y":880},{"x":1020,"y":880}],"counts":[1,1,1,1]},{"startIndex":66,"endIndex":75,"startConnectorIndex":2,"endConnectorIndex":0,"nodes":[{"x":1100,"y":900},{"x":1100,"y":920},{"x":1100,"y":940}],"counts":[1,1,1]},{"startIndex":74,"endIndex":72,"startConnectorIndex":2,"endConnectorIndex":0,"nodes":[{"x":1310,"y":900},{"x":1310,"y":920},{"x":1310,"y":940}],"counts":[1,1,1]},{"startIndex":66,"endIndex":74,"startConnectorIndex":1,"endConnectorIndex":3,"nodes":[{"x":1180,"y":880},{"x":1200,"y":880},{"x":1220,"y":880}],"counts":[1,1,1]},{"startIndex":71,"endIndex":69,"startConnectorIndex":2,"endConnectorIndex":0,"nodes":[{"x":1310,"y":660},{"x":1310,"y":680},{"x":1310,"y":700}],"counts":[1,1,1]},{"startIndex":67,"endIndex":71,"startConnectorIndex":1,"endConnectorIndex":3,"nodes":[{"x":1180,"y":640},{"x":1200,"y":640},{"x":1220,"y":640}],"counts":[1,1,1]},{"startIndex":67,"endIndex":70,"startConnectorIndex":2,"endConnectorIndex":0,"nodes":[{"x":1100,"y":660},{"x":1100,"y":680},{"x":1100,"y":700}],"counts":[1,1,1]},{"startIndex":65,"endIndex":67,"startConnectorIndex":2,"endConnectorIndex":3,"nodes":[{"x":980,"y":555},{"x":980,"y":640},{"x":1000,"y":640},{"x":1020,"y":640}],"counts":[1,1,1,1]},{"startIndex":2,"endIndex":86,"startConnectorIndex":2,"endConnectorIndex":0,"nodes":[{"x":1400,"y":-345},{"x":1400,"y":-320},{"x":1400,"y":-300}],"counts":[1,1,1]},{"startIndex":87,"endIndex":89,"startConnectorIndex":2,"endConnectorIndex":0,"nodes":[{"x":1400,"y":-125},{"x":1400,"y":-120},{"x":1400,"y":-100}],"counts":[1,1,1]},{"startIndex":1,"endIndex":88,"startConnectorIndex":2,"endConnectorIndex":0,"nodes":[{"x":1160,"y":-15},{"x":1160,"y":0},{"x":1160,"y":20}],"counts":[1,1,1]},{"startIndex":0,"endIndex":85,"startConnectorIndex":2,"endConnectorIndex":0,"nodes":[{"x":920,"y":-15},{"x":920,"y":0},{"x":920,"y":20}],"counts":[1,1,1]},{"startIndex":78,"endIndex":1,"startConnectorIndex":2,"endConnectorIndex":0,"nodes":[{"x":1040,"y":-125},{"x":1040,"y":-80},{"x":1160,"y":-80},{"x":1160,"y":-45}],"counts":[1,1,1,1]},{"startIndex":78,"endIndex":0,"startConnectorIndex":2,"endConnectorIndex":0,"nodes":[{"x":1040,"y":-125},{"x":1040,"y":-80},{"x":920,"y":-80},{"x":920,"y":-45}],"counts":[1,1,1,1]},{"startIndex":82,"endIndex":83,"startConnectorIndex":2,"endConnectorIndex":0,"nodes":[{"x":1650,"y":160},{"x":1650,"y":180},{"x":1650,"y":200}],"counts":[1,1,1]},{"startIndex":80,"endIndex":82,"startConnectorIndex":2,"endConnectorIndex":0,"nodes":[{"x":1650,"y":-15},{"x":1650,"y":0},{"x":1650,"y":20}],"counts":[1,1,1]},{"startIndex":81,"endIndex":80,"startConnectorIndex":2,"endConnectorIndex":0,"nodes":[{"x":1760,"y":-125},{"x":1760,"y":-80},{"x":1650,"y":-80},{"x":1650,"y":-45}],"counts":[1,1,1,1]},{"startIndex":79,"endIndex":84,"startConnectorIndex":2,"endConnectorIndex":0,"nodes":[{"x":1870,"y":-15},{"x":1870,"y":0},{"x":1870,"y":20}],"counts":[1,1,1]},{"startIndex":81,"endIndex":79,"startConnectorIndex":2,"endConnectorIndex":0,"nodes":[{"x":1760,"y":-125},{"x":1760,"y":-80},{"x":1870,"y":-80},{"x":1870,"y":-45}],"counts":[1,1,1,1]},{"startIndex":86,"endIndex":78,"startConnectorIndex":2,"endConnectorIndex":0,"nodes":[{"x":1400,"y":-220},{"x":1400,"y":-180},{"x":1040,"y":-180},{"x":1040,"y":-155}],"counts":[1,1,1,1]},{"startIndex":86,"endIndex":81,"startConnectorIndex":2,"endConnectorIndex":0,"nodes":[{"x":1400,"y":-220},{"x":1400,"y":-180},{"x":1760,"y":-180},{"x":1760,"y":-155}],"counts":[1,1,1,1]},{"startIndex":86,"endIndex":87,"startConnectorIndex":2,"endConnectorIndex":0,"nodes":[{"x":1400,"y":-220},{"x":1400,"y":-170},{"x":1400,"y":-155}],"counts":[1,1,1]},{"startIndex":106,"endIndex":108,"startConnectorIndex":2,"endConnectorIndex":3,"nodes":[{"x":1890,"y":1055},{"x":1890,"y":1100},{"x":1900,"y":1100},{"x":1920,"y":1100}],"counts":[1,1,1,1]},{"startIndex":106,"endIndex":107,"startConnectorIndex":2,"endConnectorIndex":1,"nodes":[{"x":1890,"y":1055},{"x":1890,"y":1100},{"x":1880,"y":1100},{"x":1860,"y":1100}],"counts":[1,1,1,1]},{"startIndex":107,"endIndex":109,"startConnectorIndex":2,"endConnectorIndex":0,"nodes":[{"x":1810,"y":1120},{"x":1810,"y":1120},{"x":1810,"y":1140}],"counts":[1,1,1]},{"startIndex":108,"endIndex":110,"startConnectorIndex":2,"endConnectorIndex":0,"nodes":[{"x":1970,"y":1120},{"x":1970,"y":1120},{"x":1970,"y":1140}],"counts":[1,1,1]},{"startIndex":100,"endIndex":102,"startConnectorIndex":2,"endConnectorIndex":3,"nodes":[{"x":1890,"y":855},{"x":1890,"y":900},{"x":1900,"y":900},{"x":1920,"y":900}],"counts":[1,1,1,1]},{"startIndex":100,"endIndex":101,"startConnectorIndex":2,"endConnectorIndex":1,"nodes":[{"x":1890,"y":855},{"x":1890,"y":900},{"x":1880,"y":900},{"x":1860,"y":900}],"counts":[1,1,1,1]},{"startIndex":101,"endIndex":103,"startConnectorIndex":2,"endConnectorIndex":0,"nodes":[{"x":1810,"y":920},{"x":1810,"y":920},{"x":1810,"y":940}],"counts":[1,1,1]},{"startIndex":102,"endIndex":105,"startConnectorIndex":2,"endConnectorIndex":0,"nodes":[{"x":1970,"y":920},{"x":1970,"y":920},{"x":1970,"y":940}],"counts":[1,1,1]},{"startIndex":92,"endIndex":98,"startConnectorIndex":2,"endConnectorIndex":3,"nodes":[{"x":1890,"y":675},{"x":1890,"y":720},{"x":1900,"y":720},{"x":1920,"y":720}],"counts":[1,1,1,1]},{"startIndex":98,"endIndex":104,"startConnectorIndex":2,"endConnectorIndex":0,"nodes":[{"x":1970,"y":740},{"x":1970,"y":740},{"x":1970,"y":760}],"counts":[1,1,1]},{"startIndex":97,"endIndex":99,"startConnectorIndex":2,"endConnectorIndex":0,"nodes":[{"x":1810,"y":740},{"x":1810,"y":740},{"x":1810,"y":760}],"counts":[1,1,1]},{"startIndex":92,"endIndex":97,"startConnectorIndex":2,"endConnectorIndex":1,"nodes":[{"x":1890,"y":675},{"x":1890,"y":720},{"x":1880,"y":720},{"x":1860,"y":720}],"counts":[1,1,1,1]},{"startIndex":91,"endIndex":106,"startConnectorIndex":2,"endConnectorIndex":3,"nodes":[{"x":1740,"y":620},{"x":1740,"y":1040},{"x":1760,"y":1040},{"x":1780,"y":1040}],"counts":[1,1,1,1]},{"startIndex":91,"endIndex":100,"startConnectorIndex":2,"endConnectorIndex":3,"nodes":[{"x":1740,"y":620},{"x":1740,"y":840},{"x":1760,"y":840},{"x":1780,"y":840}],"counts":[1,1,1,1]},{"startIndex":91,"endIndex":92,"startConnectorIndex":2,"endConnectorIndex":3,"nodes":[{"x":1740,"y":620},{"x":1740,"y":660},{"x":1760,"y":660},{"x":1780,"y":660}],"counts":[1,1,1,1]},{"startIndex":116,"endIndex":118,"startConnectorIndex":2,"endConnectorIndex":3,"nodes":[{"x":2310,"y":1075},{"x":2310,"y":1120},{"x":2320,"y":1120},{"x":2340,"y":1120}],"counts":[1,1,1,1]},{"startIndex":116,"endIndex":117,"startConnectorIndex":2,"endConnectorIndex":1,"nodes":[{"x":2310,"y":1075},{"x":2310,"y":1120},{"x":2300,"y":1120},{"x":2280,"y":1120}],"counts":[1,1,1,1]},{"startIndex":118,"endIndex":124,"startConnectorIndex":2,"endConnectorIndex":0,"nodes":[{"x":2390,"y":1140},{"x":2390,"y":1140},{"x":2390,"y":1160}],"counts":[1,1,1]},{"startIndex":117,"endIndex":122,"startConnectorIndex":2,"endConnectorIndex":0,"nodes":[{"x":2230,"y":1140},{"x":2230,"y":1140},{"x":2230,"y":1160}],"counts":[1,1,1]},{"startIndex":113,"endIndex":115,"startConnectorIndex":2,"endConnectorIndex":3,"nodes":[{"x":2310,"y":875},{"x":2310,"y":920},{"x":2320,"y":920},{"x":2340,"y":920}],"counts":[1,1,1,1]},{"startIndex":113,"endIndex":114,"startConnectorIndex":2,"endConnectorIndex":1,"nodes":[{"x":2310,"y":875},{"x":2310,"y":920},{"x":2300,"y":920},{"x":2280,"y":920}],"counts":[1,1,1,1]},{"startIndex":115,"endIndex":123,"startConnectorIndex":2,"endConnectorIndex":0,"nodes":[{"x":2390,"y":940},{"x":2390,"y":940},{"x":2390,"y":960}],"counts":[1,1,1]},{"startIndex":114,"endIndex":121,"startConnectorIndex":2,"endConnectorIndex":0,"nodes":[{"x":2230,"y":940},{"x":2230,"y":940},{"x":2230,"y":960}],"counts":[1,1,1]},{"startIndex":93,"endIndex":112,"startConnectorIndex":2,"endConnectorIndex":3,"nodes":[{"x":2310,"y":675},{"x":2310,"y":720},{"x":2320,"y":720},{"x":2340,"y":720}],"counts":[1,1,1,1]},{"startIndex":93,"endIndex":111,"startConnectorIndex":2,"endConnectorIndex":1,"nodes":[{"x":2310,"y":675},{"x":2310,"y":720},{"x":2300,"y":720},{"x":2280,"y":720}],"counts":[1,1,1,1]},{"startIndex":112,"endIndex":120,"startConnectorIndex":2,"endConnectorIndex":0,"nodes":[{"x":2390,"y":740},{"x":2390,"y":740},{"x":2390,"y":760}],"counts":[1,1,1]},{"startIndex":111,"endIndex":119,"startConnectorIndex":2,"endConnectorIndex":0,"nodes":[{"x":2230,"y":740},{"x":2230,"y":740},{"x":2230,"y":760}],"counts":[1,1,1]},{"startIndex":90,"endIndex":113,"startConnectorIndex":2,"endConnectorIndex":3,"nodes":[{"x":2160,"y":620},{"x":2160,"y":860},{"x":2180,"y":860},{"x":2200,"y":860}],"counts":[1,1,1,1]},{"startIndex":90,"endIndex":116,"startConnectorIndex":2,"endConnectorIndex":3,"nodes":[{"x":2160,"y":620},{"x":2160,"y":1060},{"x":2180,"y":1060},{"x":2200,"y":1060}],"counts":[1,1,1,1]},{"startIndex":90,"endIndex":93,"startConnectorIndex":2,"endConnectorIndex":3,"nodes":[{"x":2160,"y":620},{"x":2160,"y":660},{"x":2180,"y":660},{"x":2200,"y":660}],"counts":[1,1,1,1]},{"startIndex":94,"endIndex":95,"startConnectorIndex":2,"endConnectorIndex":3,"nodes":[{"x":2560,"y":620},{"x":2560,"y":660},{"x":2580,"y":660},{"x":2600,"y":660}],"counts":[1,1,1,1]},{"startIndex":125,"endIndex":91,"startConnectorIndex":2,"endConnectorIndex":3,"nodes":[{"x":2000,"y":405},{"x":2000,"y":500},{"x":1600,"y":500},{"x":1600,"y":600},{"x":1660,"y":600},{"x":1680,"y":600}],"counts":[1,1,1,1,1,1]},{"startIndex":125,"endIndex":90,"startConnectorIndex":2,"endConnectorIndex":3,"nodes":[{"x":2000,"y":405},{"x":2000,"y":600},{"x":2080,"y":600},{"x":2100,"y":600}],"counts":[1,1,1,1]},{"startIndex":125,"endIndex":94,"startConnectorIndex":2,"endConnectorIndex":3,"nodes":[{"x":2000,"y":405},{"x":2000,"y":500},{"x":2400,"y":500},{"x":2400,"y":600},{"x":2480,"y":600},{"x":2500,"y":600}],"counts":[1,1,1,1,1,1]},{"startIndex":126,"endIndex":141,"startConnectorIndex":2,"endConnectorIndex":0,"nodes":[{"x":2630,"y":740},{"x":2630,"y":760},{"x":2660,"y":760},{"x":2660,"y":780}],"counts":[1,1,1,1]},{"startIndex":95,"endIndex":126,"startConnectorIndex":2,"endConnectorIndex":1,"nodes":[{"x":2710,"y":675},{"x":2710,"y":720},{"x":2700,"y":720},{"x":2680,"y":720}],"counts":[1,1,1,1]},{"startIndex":95,"endIndex":127,"startConnectorIndex":1,"endConnectorIndex":0,"nodes":[{"x":2820,"y":660},{"x":2900,"y":660},{"x":2900,"y":670},{"x":2900,"y":685}],"counts":[1,1,1,1]},{"startIndex":127,"endIndex":129,"startConnectorIndex":2,"endConnectorIndex":3,"nodes":[{"x":2900,"y":715},{"x":2900,"y":760},{"x":2920,"y":760}],"counts":[1,1,1]},{"startIndex":127,"endIndex":128,"startConnectorIndex":2,"endConnectorIndex":1,"nodes":[{"x":2900,"y":715},{"x":2900,"y":760},{"x":2880,"y":760}],"counts":[1,1,1]},{"startIndex":128,"endIndex":130,"startConnectorIndex":2,"endConnectorIndex":0,"nodes":[{"x":2830,"y":775},{"x":2830,"y":800},{"x":2830,"y":820}],"counts":[1,1,1]},{"startIndex":129,"endIndex":131,"startConnectorIndex":2,"endConnectorIndex":0,"nodes":[{"x":2970,"y":775},{"x":2970,"y":800},{"x":2970,"y":820}],"counts":[1,1,1]},{"startIndex":130,"endIndex":148,"startConnectorIndex":2,"endConnectorIndex":1,"nodes":[{"x":2830,"y":880},{"x":2830,"y":910},{"x":2780,"y":910},{"x":2760,"y":910}],"counts":[1,1,1,1]},{"startIndex":131,"endIndex":148,"startConnectorIndex":2,"endConnectorIndex":1,"nodes":[{"x":2970,"y":880},{"x":2970,"y":910},{"x":2780,"y":910},{"x":2760,"y":910}],"counts":[1,1,1,1]},{"startIndex":94,"endIndex":96,"startConnectorIndex":2,"endConnectorIndex":3,"nodes":[{"x":2560,"y":620},{"x":2560,"y":960},{"x":2580,"y":960},{"x":2600,"y":960}],"counts":[1,1,1,1]},{"startIndex":94,"endIndex":136,"startConnectorIndex":2,"endConnectorIndex":3,"nodes":[{"x":2560,"y":620},{"x":2560,"y":1260},{"x":2580,"y":1260},{"x":2600,"y":1260}],"counts":[1,1,1,1]},{"startIndex":143,"endIndex":147,"startConnectorIndex":2,"endConnectorIndex":1,"nodes":[{"x":2970,"y":1180},{"x":2970,"y":1210},{"x":2780,"y":1210},{"x":2760,"y":1210}],"counts":[1,1,1,1]},{"startIndex":142,"endIndex":147,"startConnectorIndex":2,"endConnectorIndex":1,"nodes":[{"x":2830,"y":1180},{"x":2830,"y":1210},{"x":2780,"y":1210},{"x":2760,"y":1210}],"counts":[1,1,1,1]},{"startIndex":135,"endIndex":143,"startConnectorIndex":2,"endConnectorIndex":0,"nodes":[{"x":2970,"y":1075},{"x":2970,"y":1100},{"x":2970,"y":1120}],"counts":[1,1,1]},{"startIndex":134,"endIndex":142,"startConnectorIndex":2,"endConnectorIndex":0,"nodes":[{"x":2830,"y":1075},{"x":2830,"y":1100},{"x":2830,"y":1120}],"counts":[1,1,1]},{"startIndex":133,"endIndex":134,"startConnectorIndex":2,"endConnectorIndex":1,"nodes":[{"x":2900,"y":1015},{"x":2900,"y":1060},{"x":2880,"y":1060}],"counts":[1,1,1]},{"startIndex":133,"endIndex":135,"startConnectorIndex":2,"endConnectorIndex":3,"nodes":[{"x":2900,"y":1015},{"x":2900,"y":1060},{"x":2920,"y":1060}],"counts":[1,1,1]},{"startIndex":132,"endIndex":149,"startConnectorIndex":2,"endConnectorIndex":0,"nodes":[{"x":2630,"y":1040},{"x":2630,"y":1060},{"x":2660,"y":1060},{"x":2660,"y":1080}],"counts":[1,1,1,1]},{"startIndex":96,"endIndex":132,"startConnectorIndex":2,"endConnectorIndex":1,"nodes":[{"x":2710,"y":975},{"x":2710,"y":1020},{"x":2700,"y":1020},{"x":2680,"y":1020}],"counts":[1,1,1,1]},{"startIndex":96,"endIndex":133,"startConnectorIndex":1,"endConnectorIndex":0,"nodes":[{"x":2820,"y":960},{"x":2900,"y":960},{"x":2900,"y":970},{"x":2900,"y":985}],"counts":[1,1,1,1]},{"startIndex":145,"endIndex":146,"startConnectorIndex":2,"endConnectorIndex":1,"nodes":[{"x":2970,"y":1480},{"x":2970,"y":1510},{"x":2780,"y":1510},{"x":2760,"y":1510}],"counts":[1,1,1,1]},{"startIndex":144,"endIndex":146,"startConnectorIndex":2,"endConnectorIndex":1,"nodes":[{"x":2830,"y":1480},{"x":2830,"y":1510},{"x":2780,"y":1510},{"x":2760,"y":1510}],"counts":[1,1,1,1]},{"startIndex":140,"endIndex":145,"startConnectorIndex":2,"endConnectorIndex":0,"nodes":[{"x":2970,"y":1375},{"x":2970,"y":1400},{"x":2970,"y":1420}],"counts":[1,1,1]},{"startIndex":139,"endIndex":144,"startConnectorIndex":2,"endConnectorIndex":0,"nodes":[{"x":2830,"y":1375},{"x":2830,"y":1400},{"x":2830,"y":1420}],"counts":[1,1,1]},{"startIndex":138,"endIndex":139,"startConnectorIndex":2,"endConnectorIndex":1,"nodes":[{"x":2900,"y":1315},{"x":2900,"y":1360},{"x":2880,"y":1360}],"counts":[1,1,1]},{"startIndex":138,"endIndex":140,"startConnectorIndex":2,"endConnectorIndex":3,"nodes":[{"x":2900,"y":1315},{"x":2900,"y":1360},{"x":2920,"y":1360}],"counts":[1,1,1]},{"startIndex":137,"endIndex":150,"startConnectorIndex":2,"endConnectorIndex":0,"nodes":[{"x":2630,"y":1340},{"x":2630,"y":1360},{"x":2660,"y":1360},{"x":2660,"y":1380}],"counts":[1,1,1,1]},{"startIndex":136,"endIndex":137,"startConnectorIndex":2,"endConnectorIndex":1,"nodes":[{"x":2710,"y":1275},{"x":2710,"y":1320},{"x":2700,"y":1320},{"x":2680,"y":1320}],"counts":[1,1,1,1]},{"startIndex":136,"endIndex":138,"startConnectorIndex":1,"endConnectorIndex":0,"nodes":[{"x":2820,"y":1260},{"x":2900,"y":1260},{"x":2900,"y":1270},{"x":2900,"y":1285}],"counts":[1,1,1,1]}],"x0":-881.4038991877794,"y0":43.40645805149552}